Column1,Column2,Hourly Taxed,Column3,Column4,Column5,Column6,Column7,Column8,Column9,Column10,Column11,Column12,Column13,Column14,Column15,Column16,Column17,Column18,Column19,Column20,Column21,Column22,Column23,Column24,Column25,Column26,Minimum
Pele,98,5667700,6045000,5990000,6076000,5990667,5966000,6435000,6417000,6399000,6346000,6349000,6349000,6349000,6349000,6200000,6200000,6100000,6000000,6349500,6250000,6249500,6115333,6047000,6300000,6150000,5966000
Diego Maradona,97,3704050,3900000,3900000,3900000,3899000,3899000,3899000,4000000,4000000,4000000,4000000,4000000,4000000,4000000,4000000,4099500,4000000,4000000,4000000,4099500,3975000,3950000,4174500,4000000,,3899000
Ronaldo Nazario,96,8550000,9644500,9499500,9399000,9800000,9800000,9750000,9750000,9600000,9545000,9475000,9475000,9475000,9650000,9650000,9469000,9000000,9848500,9625000,9396500,9303000,9213000,9133000,9500000,9500000,9000000
Zinedine Zidane,96,3894050,4225000,4150000,4100000,4149500,4100000,4100000,4199000,4180000,4170000,4199000,4199000,4199000,4199000,4199000,4199500,4099000,4377000,4275000,4250000,4389333,4349000,4200000,4315333,,4099000
Pele,95,4013750,4240000,4390000,4289500,4225000,4345000,4322000,4299500,4294500,4290000,4250000,4250000,4380000,4294500,4290000,4387000,4351333,4310000,4249000,4290000,4299000,4233333,4299000,4284500,4250000,4225000
Diego Maradona,95,1747050,1944500,1939000,2040000,2190500,2060000,2015000,1990000,1983500,1973500,1970000,1899000,1839500,1839000,2029500,2019000,1990000,1999000,1999000,1999000,1942500,2045000,1959500,1953500,1946000,1839000
Ferenc Puskas,94,2489000,2699000,2687000,2662500,2731000,2730000,2732000,2708500,2685000,2697500,2700000,2700000,2700000,2700000,2700000,2700000,2680000,2700000,2685000,2670000,2700000,2670000,2633000,2623000,2620000,2620000
Ronaldo Nazario,94,5795000,6200000,6250000,6375000,6360000,6335000,6250000,6213000,6100000,6150000,6340000,6340000,6279000,6350000,6375000,6335000,6250000,6340000,6435000,6325000,6245000,6350000,6225000,6200000,6199000,6100000
Johan Cruyff,94,4750000,5099000,5099000,5179000,5179000,5179000,5350000,5208000,5129000,5129000,5129000,5145000,5145000,5262500,5175000,5175000,5175000,5160000,5175000,5160000,5432500,5115000,5225000,5100000,5000000,5000000
Ronaldinho,94,4864950,5197500,5195000,5587500,5175000,5175000,5128500,5121000,5121000,5121000,5121000,5121000,5324500,5300000,5212500,5125000,5125000,5125000,5150000,5150000,5249500,5150000,5587500,5364000,5349000,5121000
Paolo Maldini,94,2736000,3275000,3250000,3588000,3419000,3175000,3180000,3449500,3225000,3075000,3000000,3150000,3150000,3099000,3049500,2950000,2880000,2880000,3000000,3000000,3000000,3000000,3150000,2926667,,2880000
Lev Yashin,94,622250,692000,697000,699000,699000,719500,712333,690000,700000,714000,720000,725000,725000,727000,732500,720000,715000,690000,657500,655000,690000,694500,687500,674333,,655000
Zinedine Zidane,94,2090000,2200000,2220000,2277667,2270000,2280000,2267333,2246000,2219000,2289000,2278000,2270000,2325000,2309500,2295000,2290000,2285000,2300000,2285000,2326000,2302000,2317500,2282000,2305000,,2200000
Garrincha,94,2066250,2468000,2319000,2299000,2299000,2299000,2299000,2299000,2299000,2500000,2500000,2500000,2500000,2500000,2349000,2299000,2335000,2200000,2190000,2212500,2175000,2333500,2259000,2398000,2398000,2175000
Xavi,93,1301500,1410000,1410000,1534000,1440500,1440000,1452333,1435000,1437000,1452000,1465000,1465000,1465000,1465000,1401000,1450000,1432000,1413500,1385000,1465000,1465000,1468500,1370000,1445000,1425000,1370000
Eric Cantona,93,2850000,3065000,3080000,3081000,3073000,3074500,3066500,3030000,3050000,3092000,3085000,3102500,3095000,3052667,3044000,3039000,3082000,3044500,3005000,3055000,3002500,3002000,3050000,3067500,3000000,3000000
Roberto Baggio,93,612750,697500,688333,675000,685000,688000,686500,684500,685000,681000,673000,649000,645000,690000,691000,687000,679000,690000,690000,690000,712500,710000,708000,692000,692000,645000
George Best,93,2042500,2249000,2249000,2250000,2249000,2249500,2249000,2250000,2250000,2250000,2250000,2250000,2250000,2245000,2240000,2240000,2240000,2340000,2340000,2265000,2200000,2193000,2194500,2150000,,2150000
Eusebio,93,4987500,5299000,5299000,5599000,5599000,5881000,5881000,5881000,5881000,5879000,5599000,5578000,5578000,5578000,5489000,5729500,5350000,5440000,5350000,5360000,5359000,5358000,5250000,6300000,5358000,5250000
Thierry Henry,93,1786000,1964000,1890000,1912500,1880000,1975000,1975000,1995000,2023000,2011000,2023000,2023000,2023000,2021500,2002500,1972500,1994500,2023000,2067000,2100000,2025000,2069500,2007000,2157000,2096000,1880000
Marco van Basten,93,497325,549000,540000,550000,552000,546500,549000,550000,541500,528000,559000,564000,540000,540000,548000,550000,537500,523500,541000,540000,545500,547000,544500,531500,528000,523500
Ruud Gullit,93,6836200,7496000,7196000,7540500,7196000,7196000,15000000,15000000,15000000,15000000,15000000,15000000,15000000,15000000,14500000,14000000,15000000,11300000,7600000,11300000,7600000,15000000,12375000,9750000,,7196000
Lothar Matthaus,93,2155550,2344500,2300000,2394000,2445000,2435000,2435000,2435000,2435000,2435000,2416500,2398000,2435000,2435000,2410000,2432500,2415000,2364000,2387500,2339333,2299000,2269000,2287000,2445000,,2269000
Franco Baresi,93,379050,405000,400000,399000,420000,412500,404000,409000,414000,405000,428000,428000,438000,432000,432000,429500,429000,415000,430000,430000,421000,419000,410000,413500,,399000
Carlos Alberto Torres,93,1044050,1257000,1247000,1230000,1231000,1219500,1150000,1125000,1215500,1181000,1175000,1175000,1175000,1172500,1175000,1175000,1167500,1143000,1112500,1099000,1175000,1172000,1249000,1181000,1200000,1099000
Andrea Pirlo,92,569050,745000,620000,613000,671000,668000,677667,660000,650000,658500,651000,655000,655000,655000,645500,632500,607333,599000,629000,630000,615000,605000,616000,655000,650000,599000
Garrincha,92,1204600,1290000,1300000,1325000,1345000,1290000,1308000,1310000,1271500,1268000,1268000,1349000,1338000,1336000,1313000,1290000,1350000,1361000,1320333,1290000,1300000,1330000,1269000,1314000,1398000,1268000
Hugo Sanchez,92,988000,1085000,1160000,1119000,1085000,1060000,1098500,1040000,1110000,1108000,1098500,1075000,1059000,1076000,1070000,1092000,1100000,1099000,1079000,1049000,1055000,1082000,1090000,1042000,1096000,1040000
Kenny Dalglish,92,1558000,1640000,1698000,1695000,1699000,1733000,1727000,1725000,1705667,1695000,1710500,1727000,1750000,1732500,1720000,1704000,1691500,1682500,1660000,1719000,1705000,1700000,1700000,1691500,,1640000
Peter Schmeichel,92,376675,410500,409500,400000,421500,418000,419000,415000,430000,420000,429000,429000,419500,429000,405000,420000,422500,418000,414000,410000,400000,401000,397000,396500,,396500
Javier Zanetti,92,584250,810000,766000,730000,754000,747000,721000,700000,671667,698000,707000,707000,707000,700000,660000,670000,695000,693000,669500,660000,645000,667000,629000,615000,,615000
Puyol,92,390450,435000,432500,420000,430000,420000,411000,432500,430000,422000,439000,439000,439000,439000,420000,420000,419500,415000,422500,415000,447000,445000,459000,420000,,411000
Alessandro Nesta,92,375250,398000,422500,441000,434000,428500,419500,417500,399000,415000,400000,410000,425000,431000,412500,410000,419000,428000,419000,418500,405000,399000,395000,419000,,395000
Bobby Moore,92,305900,322000,338500,334500,330000,330000,335000,339000,335000,330000,337000,339000,342000,348000,343500,332500,323000,349000,325000,340000,327500,322000,329000,327000,,322000
Fabio Cannavaro,92,808450,904500,895000,867500,912500,885000,915500,890000,880000,912500,900000,851000,912500,920000,906000,900000,915500,915000,886500,885000,893000,880000,890000,891000,,851000
Paolo Maldini,92,1305300,1430000,1420000,1437500,1450000,1430000,1493500,1492000,1460000,1420000,1472500,1460000,1467500,1460000,1455000,1422000,1399000,1386500,1469000,1393000,1467500,1424000,1375000,1374000,,1374000
Ryan Giggs,92,370500,440000,405500,429000,429000,410000,426000,426000,426000,426000,423500,421000,421000,419500,409000,390000,412500,403000,483500,420000,427000,415000,410000,429000,,390000
Ruud van Nistelrooy,92,380000,480000,442000,425000,449500,415000,400000,400000,430000,430000,467500,440000,436500,427000,421000,427000,420000,448333,429500,437500,433000,410000,409000,434500,,400000
Hristo Stoichkov,92,1234050,1305500,1299000,1330000,1317500,1336667,1320000,1340000,1325000,1325000,1359000,1340000,1340000,1339000,1319667,1299000,1320000,1354500,1340000,1322000,1332500,1324500,1319500,1309500,,1299000
Luis Figo,92,1045000,1150000,1160000,1239000,1224667,1199500,1161000,1190000,1239000,1239000,1219500,1172500,1200000,1200000,1170000,1180000,1231667,1190000,1137500,1100000,1204000,1100000,1160000,1142500,,1100000
Gary Lineker,92,458375,512500,505000,495000,482500,495000,495000,499000,500000,500000,500000,500000,495000,492500,490000,498000,510667,497500,514500,510000,515000,505000,495000,490000,,482500
Raul,92,921025,969500,975000,975000,986000,977000,999500,990000,990000,989000,980000,985000,982000,978000,977000,975000,975000,990000,990000,975000,980000,990000,995000,995000,,969500
Alessandro Del Piero,92,641250,710000,700000,700000,726333,709000,709500,709000,739000,739000,739000,739000,730000,759000,753000,739500,705000,675000,715000,703667,765500,746500,733000,719000,,675000
Emilio Butragueno,92,1463000,1562500,1547667,1545000,1594000,1579000,1549000,1552000,1582000,1576000,1549000,1610000,1619500,1586000,1570000,1619500,1610000,1637000,1615000,1585000,1584500,1555000,1540000,1600000,,1540000
Dennis Bergkamp,92,616550,691000,700000,692000,695000,695000,695000,692667,685000,675000,675000,680000,675000,670000,670000,649000,690000,690000,682000,680000,669000,676000,673500,682000,,649000
Rivaldo,92,524400,552000,605000,616500,595000,600000,589000,599500,599000,620000,615000,610000,605000,609500,602000,595000,574333,564000,563000,555000,562500,560000,591000,585000,580000,552000
Ferenc Puskas,92,1742775,1882000,1875000,1870000,1878000,1874000,1873000,1880000,1834500,1839000,1870000,1870000,1870000,1889000,1884000,1880500,1871500,1850000,1869000,1858000,1879500,1860000,1883000,1865000,1854000,1834500
Samuel Eto'o,92,2584000,2725000,2830000,2830000,2825000,2825000,2810000,2815000,2797000,2779000,2789000,2720000,2788000,2789000,2779000,2789000,2837000,2833000,2837000,2881000,2880000,2845000,2889000,3091000,2983000,2720000
David Beckham,92,793250,980000,974500,900000,950000,940000,910000,930000,930000,927500,920000,907000,930000,900000,905500,915000,930000,927500,920000,890000,892500,855000,835000,990000,969000,835000
Didier Drogba,91,1197000,1319333,1312500,1315000,1310000,1260000,1260000,1320000,1340000,1320000,1375000,1375000,1375000,1400000,1390000,1387500,1365000,1330000,1310000,1322500,1319000,1310000,1330000,1435000,1400000,1260000
Ian Rush,91,350550,372667,369000,369000,379000,380000,384500,380000,380000,385000,389000,380000,378000,377500,375000,373000,373000,385000,388000,387000,394500,381500,387500,388000,385000,369000
Ronald Koeman,91,615600,689000,720000,710000,707000,721500,718000,723000,707000,702000,687000,677000,675000,690000,683500,674000,666000,690000,689500,665000,672500,660000,657000,648000,,648000
Zinedine Zidane,91,1862000,1960000,2050000,2000000,1990000,2030000,1984000,1975000,1970000,2086500,2055000,2010000,2012000,1999000,1980000,1994000,2039500,2019000,2045500,2057000,2039500,2048000,1999000,2010000,,1960000
Kaka,91,1258750,1382500,1417500,1360000,1360000,1360000,1378000,1400000,1360000,1384000,1385000,1379000,1406500,1407500,1395000,1390000,1429500,1389500,1325000,1399000,1382000,1364000,1325000,1330000,,1325000
Lev Yashin,91,308750,340000,337000,330000,349000,340000,334000,325000,357000,347500,356000,350000,341000,337000,338000,345000,340000,344000,335000,340000,330500,339000,340000,349000,,325000
Edwin van der Sar,91,470250,502000,505000,519500,510000,529000,519500,516500,515000,509000,504500,500000,509000,509000,509000,507000,501500,498000,500000,499000,495000,504000,509500,506000,,495000
Fernando Hierro,91,356250,385000,385000,392000,420000,411500,387500,375000,399000,394000,394000,394000,389500,382000,389000,390000,408000,397500,395000,404500,409000,415000,417000,402500,,375000
Marcel Desailly,91,1229300,1347500,1330000,1303667,1300000,1420000,1343500,1297000,1294000,1400000,1345000,1315000,1387000,1362000,1330000,1330000,1340000,1330000,1325000,1340000,1309000,1344500,1388000,1369000,,1294000
Roberto Carlos,91,953800,1125000,1050000,1176000,1160000,1200000,1147500,1088500,1028500,1132000,1132000,1124000,1116000,1112000,1043500,1021000,1061000,1070000,1084667,1010000,1004000,1065000,1119000,1179333,,1004000
Laurent Blanc,91,812250,885000,907500,902500,909000,900000,900000,895000,900000,920500,916000,915500,907000,899000,900000,887000,887000,890000,900000,874500,880000,866000,855000,858000,,855000
Franco Baresi,91,237500,250000,267000,255000,260000,269000,267500,266000,269000,271000,271000,271000,271000,268000,268000,265000,269000,268000,292500,281000,272500,285000,270000,258333,,250000
Robert Pires,91,313500,343000,350000,360667,350000,335000,335000,355000,355000,360000,350000,360000,330000,359000,359000,355500,358500,359000,350000,358000,350000,379000,357000,363500,,330000
Patrick Vieira,91,3009125,3410000,3322000,3198000,3364000,3274500,3389500,3380000,3380000,3380000,3399000,3500000,3449500,3399000,3394000,3389000,3379000,3386000,3247000,3242000,3229000,3219000,3167500,3170000,,3167500
Clarence Seedorf,91,665000,700000,710000,740000,740000,746500,739000,738500,729000,725000,730000,733000,733000,760000,757333,743000,734500,717500,733000,737000,728333,715000,715000,740000,,700000
Paul Scholes,91,350550,410000,399500,399000,418000,401000,425000,414000,404000,409500,410000,410000,410000,400000,374000,369000,389000,383000,394000,380000,394000,393000,390000,406000,,369000
Pavel Nedved,91,538175,621500,610000,590000,600000,616333,612000,601000,619500,620000,620000,620000,616333,598000,594667,574000,570000,566500,589500,586000,566500,589000,590000,592333,,566500
Michael Laudrup,91,279300,307000,296500,294000,304000,306667,297500,302000,309000,310000,315000,319000,309500,300000,316000,319500,319500,316500,316000,315000,313000,313000,309000,320000,,294000
Gheorghe Hagi,91,437000,479500,500000,519000,500000,509500,506500,502000,502500,492000,490000,501000,489000,504000,489000,468500,464500,464000,492000,477500,460000,510000,508333,489500,,460000
Steven Gerrard,91,807500,890000,902667,860000,905000,910000,902500,900000,860000,860000,900000,900000,900000,945000,890000,895000,885000,900000,880000,850000,850000,875000,877500,885000,,850000
Socrates,91,902500,977500,950000,990000,1000000,1000000,980000,972667,962000,962000,962000,962000,1029000,1029000,990000,1000000,1000000,999000,980000,992000,975000,990000,991500,1002500,,950000
Michael Ballack,91,970900,1156500,1117500,1095000,1095000,1130000,1122500,1115000,1130000,1154000,1149000,1179000,1169500,1130000,1156667,1095000,1095000,1075000,1050000,1124000,1109500,1098000,1095000,1022000,,1022000
Lothar Matthaus,91,1510500,1650000,1671667,1657500,1650000,1617500,1661500,1627667,1590000,1635000,1634000,1635000,1635000,1635000,1600000,1599000,1600000,1590000,1650000,1637000,1625000,1678500,1631500,1614500,,1590000
David Trezeguet,91,275500,302500,299000,303500,299500,297000,292500,290000,325000,311000,306500,299000,295000,350000,340000,346500,340000,337500,328500,324000,318500,313500,308000,310000,,290000
Andriy Shevchenko,91,484500,550000,527500,541000,546000,540000,547000,548000,544500,539000,540000,540000,540000,540000,540000,530500,534000,539000,532000,522000,515000,515000,510000,530000,,510000
Alan Shearer,91,256500,290000,289500,310000,302500,297500,290000,285000,295000,305000,315000,320000,320000,306500,301667,278500,270000,287000,290000,279000,287000,302000,297000,304000,,270000
Michael Owen,91,475000,500000,516500,515000,514500,507000,505000,508000,517000,515000,510000,508500,507000,510000,519500,511500,509000,505000,520500,515000,506500,523500,540000,595000,,500000
Patrick Kluivert,91,380000,427500,408000,437000,427000,420000,431000,424000,400000,429000,417500,415000,435000,420000,411500,415000,408000,420000,422000,416500,413000,418000,412500,425000,,400000
Miroslav Klose,91,369550,410000,400000,405000,422333,414000,410000,425000,419000,415000,415000,415000,427000,425000,424000,414500,400000,407500,396000,389000,410000,428000,400500,416500,,389000
Marco van Basten,91,212800,232000,232000,238000,235000,240000,242000,241500,246500,231000,233000,224000,247000,246500,239000,235500,230000,239000,242000,244500,240000,245000,244667,236000,233000,224000
Eusebio,91,2802500,3014500,2958500,3010000,2980000,3016000,2991000,2997500,2990000,3000000,3010000,3020000,3015000,2992000,3010000,2999500,2965000,2960000,2950000,3015000,3057500,2987500,2991667,2985000,2950000,2950000
Ronaldinho,91,2280000,2556500,2496667,2545000,2527500,2479000,2486000,2437500,2427500,2413000,2559000,2538000,2507500,2530000,2488000,2440500,2470500,2530000,2510000,2494500,2504500,2475000,2453500,2400000,2400000,2400000
Roberto Baggio,91,422750,487000,460000,466000,453500,448500,450000,482000,482000,472000,467000,464000,477000,457000,445000,455000,468000,460000,478000,469500,480000,489333,477000,480000,465000,445000
Johan Cruyff,91,2801550,2963000,3000000,2999000,3012333,2979000,3045000,2970000,3007500,2995000,2956000,2949000,3014500,3038000,3020000,3020000,3021500,2950000,2998500,2997500,2998000,2970000,2990000,2955000,2975000,2949000
Diego Maradona,91,1691000,1800000,1850000,1842500,1835000,1841000,1788500,1780000,1890000,1891667,1875000,2351000,2351000,2008333,1950000,1865000,1849000,2010500,1875000,1920000,1895000,1890000,1920000,1831000,1831000,1780000
Pele,91,2937400,3120000,3130000,3242500,3175000,3160000,3150000,3124500,3115000,3092000,3109000,3184000,3149500,3140000,3139000,3120000,3147333,3145000,3148000,3149000,3148500,3148000,3147000,3145000,3130000,3092000
Juan Roman Riquelme,91,405650,451000,427000,480000,480000,510000,600000,524667,500000,500000,482000,490000,520000,540000,520000,500000,485000,502500,510000,484500,460000,465000,455000,430000,447000,427000
Phillip Lahm,91,854050,921333,905000,917500,900000,920000,920000,915000,905000,915000,910000,900000,945000,932500,905000,997000,910000,899500,899000,910000,901000,911333,909000,945000,945000,899000
Bastian Schweinsteiger,91,969000,1020000,1020000,1050000,1050000,1123500,1090000,1085000,1085000,1085000,1085000,1085000,1084000,1083000,1050000,1037500,1065000,1065000,1090000,1120000,1147000,1128000,1090000,1061000,1045000,1020000
Petr Cech,91,506350,540000,550000,551000,559500,554500,545000,555000,555000,569000,583000,583000,580000,585000,585000,585000,566667,533000,550000,560000,574500,563000,551000,575000,540000,533000
Fernando Torres,91,1548500,1675000,1680000,1677500,1670000,1670000,1630000,1680000,1699000,1697000,1699000,1699000,1699000,1694500,1690000,1690000,1672500,1677500,1675500,1700000,1748500,1682500,1665000,1670000,1688000,1630000
Andrea Pirlo,90,391083.65,411667,419000,413000,421000,430500,419500,424000,434500,430000,449000,449000,440000,442000,435000,434500,422500,422500,422500,456000,457000,425000,430000,439000,443000,411667
Carlos Alberto Torres,90,603250,639000,650000,670000,670500,650000,665000,636000,685000,676000,678500,670000,665000,657500,659000,659000,660000,669000,656000,677000,655000,650000,635000,637500,655000,635000
Garrincha,90,997500,1095000,1100000,1175000,1087000,1050000,1123500,1118000,1122000,1122000,1128000,1129000,1129000,1114500,1115000,1094500,1069000,1099000,1060000,1150000,1144000,1118500,1106500,1070000,1120000,1050000
Kenny Dalglish,90,1007000,1060000,1120000,1155000,1127500,1119000,1143000,1137000,1134000,1152500,1140000,1130000,1145000,1140000,1143500,1116000,1105000,1115000,1125000,1130000,1130500,1108667,1083000,1128000,,1060000
Michael Essien,90,1425000,1593000,1560000,1527000,1540000,1572500,1550000,1507000,1560000,1595000,1595000,1567500,1595000,1595000,1557500,1540000,1535000,1500000,1573333,1570000,1574000,1563000,1539500,1560000,,1500000
Pep Guardiola,90,562400,592000,598000,593000,660000,637500,615667,604000,595000,649000,624500,599000,599000,599000,604000,603000,635000,615000,640000,640000,645000,632500,620000,616000,,592000
Peter Schmeichel,90,209475,220500,240500,255000,258000,248000,242000,257500,247500,245000,246500,240000,250000,253000,253000,240000,245000,240000,245000,249000,244500,240000,260500,265500,,220500
Rio Ferdinand,90,1292950,1370000,1380000,1415000,1400000,1409000,1409500,1409000,1401500,1393000,1420000,1417500,1411000,1410000,1395000,1420000,1394000,1377500,1370000,1405000,1395000,1389000,1369500,1361000,,1361000
Puyol,90,341050,379000,359000,365000,379000,377000,373500,396500,391000,389000,384500,370000,400000,405000,400000,402667,399000,398000,404667,396000,390000,393000,389000,400667,,359000
Alessandro Nesta,90,231800,255000,250000,255500,250000,260000,252500,261000,256000,262000,251500,250000,244000,250000,254500,256000,261000,265000,258000,268000,257500,259000,269000,255000,,244000
Juan Sebastian Veron,90,608000,701000,696000,674667,642500,643000,640000,653500,647000,695000,683500,653000,653000,649500,643000,649000,643500,650000,650000,694000,695000,710000,667500,674500,,640000
Frank Rijkaard,90,679250,761500,745000,732000,740000,730000,770000,785000,775000,773000,766000,770000,779000,785000,750000,720000,715000,732500,771000,769500,794333,772000,777500,756667,,715000
Emmanuel Petit,90,826500,870000,905000,870000,934000,895000,889000,905000,902000,936000,945000,948000,923500,948000,944000,926000,900000,932500,1024500,997500,974500,972500,982500,906667,,870000
Marc Overmars,90,436050,475000,485000,469000,499000,477500,460000,475000,470500,459000,481500,479000,479000,496000,493000,499000,499000,482333,494500,475000,487000,495000,497000,489500,,459000
Claude Makelele,90,816050,859000,894000,880000,869000,915000,870000,915000,927667,917500,915000,985000,960000,933500,918000,915000,989000,975000,977000,962000,970000,982000,952000,968000,,859000
Jari Litmanen,90,215175,237500,238000,238000,235000,239000,234000,231000,231000,247000,233000,240000,240000,244000,241500,237000,237000,226500,235000,229000,240000,242500,245000,244500,,226500
Frank Lampard,90,425600,450000,448000,495000,540500,497500,480000,475000,482500,479000,470000,488000,493000,480000,500000,500000,491500,485000,485000,512500,514000,500000,517500,491000,,448000
Roy Keane,90,415150,479000,484000,479000,475000,460000,500000,499000,504000,506000,500500,506000,485000,480000,480000,470000,470000,437000,438000,477000,493500,476500,470000,457500,,437000
Deco,90,282150,312500,320000,314500,320000,320000,330000,331000,325333,316500,320000,324000,310000,332000,324000,310000,315000,313500,325500,314000,324000,297000,300000,310000,,297000
Rui Costa,90,346750,385000,390000,397000,380000,380000,385000,390000,386000,385000,385000,383000,381500,365000,368333,390000,389500,381500,378000,385000,385000,389000,404000,410000,,365000
Gianfranco Zola,90,553375,582500,630000,610000,633500,630000,600000,637500,605000,605000,634500,627500,617500,615000,614500,600000,600000,600000,607000,609000,611000,614500,624000,626000,,582500
Christian Vieri,90,190000,227000,210000,226500,223500,218667,214500,206333,200000,215000,216000,216000,216000,210000,219000,224000,217000,212333,225000,219000,220500,217500,220000,228000,,200000
Henrik Larsson,90,551000,599500,586000,603000,614500,590000,611000,615000,610000,605000,600000,600000,604000,604000,616667,590000,582000,580000,593000,617000,610000,618000,595000,602000,,580000
Filippo Inzaghi,90,160550,178000,178000,178000,170000,183000,178000,174000,183500,179000,188000,190000,193000,180500,175000,193000,181000,169000,177500,190667,178000,181500,169000,170000,,169000
Luis Hernandez,90,608000,667000,664000,702000,695000,663500,640000,700000,689000,675000,665000,720000,699000,700000,665000,665000,680000,665000,652500,652000,695500,665000,677500,697500,,640000
Hernan Crespo,90,665000,707000,700000,701500,729500,737500,731500,725000,715000,725000,735000,735000,735000,732500,727500,724500,710000,735000,730000,735000,880000,730000,747000,815000,,700000
Ruud van Nistelrooy,90,177650,200000,204000,195000,197500,195000,198000,196000,194500,189500,187000,188000,193000,196000,197500,195500,204000,205000,201500,195000,200000,199500,196000,195000,,187000
Hristo Stoichkov,90,565250,599000,599000,620000,610000,597500,595000,611500,596000,614000,610000,640500,619000,631000,620000,622500,612000,614000,617000,615000,625000,621000,604500,604000,,595000
Luis Figo,90,631750,682000,674500,665000,671000,666000,717000,708000,709000,703500,712000,696000,680000,685000,680000,705000,692000,699000,695000,705500,689000,718500,706333,709000,,665000
Alessandro Del Piero,90,612750,645000,663000,675000,672000,670000,668000,695000,699000,685000,663500,657000,650000,694500,690000,695000,690000,680000,674000,669000,685000,691000,693667,675000,,645000
Emilio Butragueno,90,964250,1017500,1015000,1020000,1056667,1050000,1060000,1050000,1080000,1087500,1052500,1020000,1085000,1082500,1059000,1082000,1050000,1063000,1063000,1067500,1062500,1050000,1050000,1110000,,1015000
Dennis Bergkamp,90,389500,435500,420000,437500,427667,429000,410000,419500,416500,445500,440000,445500,440000,440000,451000,448000,438000,428500,441000,430000,441000,427500,421000,460000,430000,410000
Thierry Henry,90,720100,768500,762500,799500,800000,802500,784500,770000,758000,800000,800000,800000,800000,800000,800000,797000,770000,772000,759000,782500,777500,795500,804500,805000,789000,758000
Rivaldo,90,427500,460000,460000,495000,480000,451000,489000,522500,500000,490000,494000,483000,472500,465000,450000,495000,470000,490000,491000,500000,497500,479000,453000,464500,470000,450000
George Best,90,928150,1007000,977000,1030000,1010000,980000,1031000,1035000,1024000,1039000,1021000,1017500,1014000,1011000,1008500,1007000,1010000,1014000,1020000,1047667,1048000,1037000,1070000,1084500,1000000,977000
Ronaldo Nazario,90,2073375,2182500,2195000,2289000,2335000,2300000,2270000,2300000,2297500,2262000,2300000,2300000,2290000,2280000,2267500,2245000,2289000,2560500,2289000,2617333,2530000,2423333,2350000,2275000,2395000,2182500
Jay-Jay Okocha,90,463600,526500,515500,520000,511000,515000,500000,500000,490000,488500,488000,515000,519500,519000,520000,529000,527333,517000,519000,524500,533500,532000,532000,529000,539000,488000
Ruud Gullit,90,4180000,4500000,4500000,4519500,4500000,4515000,4515000,4509000,4499000,4439667,4400000,4499000,4499000,4499000,4499000,4499000,4462000,4495000,4400000,4465000,4586500,4586000,4550000,4525000,4490000,4400000
Eric Cantona,90,1467750,1596500,1585000,1613000,1604000,1594500,1585000,1590000,1580000,1580000,1590000,1595000,1607500,1600000,1595000,1604500,1577000,1580000,1600000,1610000,1620500,1555000,1545000,1546000,1575000,1545000
Xavi,90,510150,554000,557500,552500,568000,570000,551667,540000,542000,539000,539000,537000,557000,552000,572000,564000,544000,558000,576667,567500,573500,565000,571000,567000,565000,537000
Davor Suker,90,502550,540000,564500,545000,587500,555000,551000,560000,568000,575000,568000,560000,560000,586000,561000,565000,542333,542000,552500,570000,530000,529000,565000,545000,570000,529000
Samuel Eto'o,90,1594100,1678000,1730000,1757500,1753000,1745000,1752500,1750000,1745000,1740000,1750000,1759000,1818000,1786000,1751000,1794000,1770000,1750000,1757500,1750000,1735000,1762000,1733000,1730000,1782000,1678000
Nemanja Vidic,90,712500,790000,795000,795000,779500,795000,800000,795000,790000,790000,790000,770000,750000,790000,795000,789500,782000,799000,790000,790000,799000,805000,795000,800000,790000,750000
Didier Drogba,89,503500,548000,555000,540000,567000,599000,575000,560000,589500,583000,586000,585500,585000,583667,570000,570000,555000,552500,533500,530000,598500,586000,579000,582000,569000,530000
Hugo Sanchez,89,408500,433000,439000,430000,441667,442000,442333,452000,443500,452000,452500,430000,455000,445000,453500,450000,452500,450000,458333,440000,475000,473500,477500,438000,480000,430000
Ian Rush,89,190950,206000,203000,208000,207500,207000,207000,219000,206500,203000,201000,205000,203000,201000,219000,219000,211000,205000,222000,220000,222500,210000,224500,220000,217000,201000
Ian Wright,89,292600,320000,319500,318000,320000,315000,322500,320000,325000,337000,325000,332500,326000,320500,330500,319000,308000,323000,332667,328000,329500,319667,320000,322000,335000,308000
John Barnes,89,366700,400000,386000,407500,407500,393000,410000,400000,408500,418000,417000,418000,415500,418500,409000,415000,404500,405000,406000,408000,413500,407500,402000,392500,389000,386000
Gianluca Zambrotta,89,608000,687500,701000,700000,700000,695000,672000,652500,640000,700000,700000,687500,670000,705000,721500,719000,689000,660000,677000,709500,688000,664000,684500,678000,,640000
Kaka,89,589000,622000,629000,629000,637500,625500,651667,635000,625000,648000,647000,642000,620000,620000,640000,635000,660000,667000,672500,660000,639667,626500,645000,670000,,620000
Lev Yashin,89,251750,295000,294500,286000,284000,281500,278000,274000,267500,270000,265000,278000,278000,277000,280000,285000,286000,275000,274000,290000,286333,277000,277000,268000,,265000
Edwin van der Sar,89,360050,400000,386000,405000,397000,404500,399000,402000,400000,396000,400000,389000,400000,418000,400000,391500,404000,394500,417500,408500,395000,383000,394500,379000,,379000
Sol Campbell,89,638400,682000,679500,679000,704000,690000,681000,679000,692000,689000,695000,698000,698000,698000,690000,674500,701500,690000,683333,677000,681000,672000,674500,674000,,672000
Fernando Hierro,89,208050,219000,238000,232500,235500,235000,235000,230000,225000,233000,230000,235000,235000,244000,235500,237000,245000,230000,248000,249000,249000,247500,235000,248667,,219000
Laurent Blanc,89,676400,718000,718000,723000,720000,735500,725000,724000,722000,738500,745000,745000,722500,749000,737500,730000,732000,712000,743000,725000,732000,716000,723500,719500,,712000
Bobby Moore,89,171000,185500,182000,192500,194000,187000,190000,180000,191000,192500,190000,191500,189500,184500,187500,194000,190000,194000,195000,198500,198000,199000,197000,194000,,180000
Fabio Cannavaro,89,363850,395000,396000,393000,383000,397333,388000,388000,413000,408500,406500,406000,405500,405000,401000,404000,408000,424000,417500,420000,413000,405000,399000,400000,,383000
Gennaro Gattuso,89,342000,394000,385000,442667,387000,389000,380000,380000,379000,369500,369000,375000,365000,369000,361500,360000,373000,365000,420000,430000,430000,438500,389000,366000,,360000
Paul Scholes,89,211375,231000,230000,235000,234000,234000,226000,231500,228000,224500,237000,232000,232000,241000,237333,230000,230000,222500,237000,231000,239000,234000,237000,239000,,222500
Pavel Nedved,89,435100,459000,482000,471500,464000,470000,467000,469000,470000,465000,466000,458000,469000,466000,470000,470000,475000,470000,469000,465000,486000,478000,477000,475000,,458000
Michael Laudrup,89,136800,150000,151000,150000,147000,157000,155000,155000,152500,150000,145000,149000,148000,153500,144000,153500,149500,152000,151500,149000,155000,151000,154000,149500,,144000
Gheorghe Hagi,89,323000,370000,354000,363000,370000,367500,373000,370667,365000,363500,367000,359000,359000,380000,360500,347000,340000,340000,350000,355000,340000,354000,349500,348000,,340000
Steven Gerrard,89,616550,665000,660000,692000,707500,698000,695000,669667,649000,649000,649000,695000,657000,695000,676333,662000,659000,649000,686000,670000,670000,689000,672333,670000,,649000
Socrates,89,503500,530000,536500,530000,550000,567000,548000,548000,558000,566000,568000,566000,566000,565500,565667,558500,562000,570500,552000,554000,570000,555000,547000,569000,,530000
Michael Ballack,89,627000,718000,701000,707500,704500,687667,686000,692500,693000,690000,690000,693000,693000,693000,691000,684500,660000,660000,697500,666000,708500,684000,690000,694000,,660000
Ryan Giggs,89,150100,168000,176000,175000,177000,171500,164500,172500,175000,170000,161000,158000,175000,175000,173000,169000,177500,169000,169000,172000,170000,169000,168333,167000,,158000
David Trezeguet,89,167200,190000,185000,199000,198000,194000,191500,180000,183000,176000,190000,190000,190000,183500,180000,190500,180000,185000,184000,195000,190500,188000,195000,200000,,176000
Alan Shearer,89,173850,186500,183000,191000,190000,192500,193000,193000,197000,198000,196500,199000,194000,199000,200500,194000,198000,197500,199000,191500,190000,193500,187000,193000,,183000
Gary Lineker,89,289750,329000,307000,305000,311000,324000,319000,327000,324000,323500,315000,326000,335000,329500,319000,315000,325000,336500,330000,337000,329000,344000,337000,330000,,305000
Miroslav Klose,89,164350,180000,182000,190000,185000,195000,198500,195000,200000,195667,181000,190000,186000,183500,173000,180000,184000,199000,194500,187500,187500,180000,195000,190000,,173000
Marco van Basten,89,246050,284500,285000,277500,273500,261500,259000,278000,268500,260000,263000,269000,269000,278000,277000,280000,278500,285000,275000,275000,279000,283500,276000,278000,265000,259000
Eusebio,89,3420000,3690000,3680333,3630000,3635000,3707500,3645000,3750000,3750000,3750000,3735000,3710000,3700000,3690000,3639000,3669000,3659500,3668000,3675000,3660500,3647500,3637500,3638000,3629000,3600000,3600000
Ronaldinho,89,1187500,1362500,1315000,1295000,1346000,1295000,1329000,1310000,1310000,1309500,1309000,1309000,1309000,1270500,1309000,1275000,1304000,1312500,1284000,1283000,1250000,1255000,1261000,1275000,1250000,1250000
Roberto Baggio,89,322050,358000,354500,359000,350000,370000,360000,372000,374000,374000,374000,374000,374000,367000,360000,358000,350000,339000,385500,382333,377000,375000,368000,355000,370000,339000
Johan Cruyff,89,2434375,2610000,2609000,2665000,2636333,2622500,2600000,2612500,2565000,2565000,2603500,2599000,2690000,2562500,2576000,2600000,2662333,2570000,2895000,2626333,2616500,2571500,2575000,2599000,2598000,2562500
Juan Roman Riquelme,89,196650,236000,216333,210000,231000,225000,215000,220000,210000,210000,221000,224500,215000,215000,224000,214000,210000,214000,210000,214500,213500,232333,207000,225000,220000,207000
Ferenc Puskas,89,1509550,1650000,1650000,1870000,1690000,1736500,1722000,1729000,1712500,1702500,1695000,1700000,1650000,1674667,1659000,1659000,1649000,1628000,1645000,1620000,1630000,1607500,1594500,1589000,1598000,1589000
Phillip Lahm,89,931000,1071667,1044000,1012500,1040667,1013500,980000,1094500,1090000,1081667,1020000,1000000,1077000,1040000,1000000,1047000,1024667,1000000,999000,1005000,1048000,1098000,1075000,1035000,1039000,980000
Bastian Schweinsteiger,89,427500,467500,470000,463000,460000,471500,474000,470000,478500,465000,465000,456000,469000,464000,469000,467000,462000,480000,479333,470000,477500,476000,450000,494500,499000,450000
Ashley Cole,89,522500,554500,550000,570000,582000,573500,560000,574000,573000,573000,573000,568500,568000,568000,561000,580000,593000,584000,588000,607500,584500,575000,560000,622000,599000,550000
David Beckham,89,456000,500000,504000,502500,495000,520000,517000,511000,480000,480000,500000,501500,497000,487500,497000,512000,509000,509500,504500,493000,493000,510000,520000,535000,535000,480000
Andrea Pirlo,88,299250,316000,318000,329000,319000,315000,327500,344000,345000,338000,339000,340000,335000,335000,346500,345000,334500,347500,341000,337000,338000,337500,340000,359000,,315000
Ronald Koeman,88,361000,380000,403000,422500,425000,407000,405333,400000,405000,410000,410000,410000,410000,410000,409000,416000,413000,405000,404000,400000,405000,408500,426000,419000,,380000
Rio Ferdinand,88,645050,688500,728500,707500,714500,715000,719500,709500,700000,718500,716000,714000,711333,700000,684500,679000,685000,717000,732000,724500,719000,726000,714000,725000,,679000
Marcel Desailly,88,693500,760000,763500,749333,748000,754000,754500,747500,730000,745000,736000,775000,766500,761500,740000,755500,741000,774000,769500,783500,750000,764500,760000,750000,,730000
Roberto Carlos,88,622250,675000,672500,665000,670000,699000,700000,684000,681000,680000,688000,733000,686000,695000,667500,655000,680000,669000,700000,699000,688000,683500,700000,705667,,655000
Javier Zanetti,88,318250,360500,364500,365000,350000,370000,365000,358000,345000,335000,370000,370000,360000,385000,370000,363500,376500,373000,380000,360000,350000,380000,380000,376500,,335000
Alessandro Nesta,88,213750,238500,237000,230000,235000,242000,235000,235000,235000,235000,241500,234500,230000,226000,225000,230000,243000,242000,239500,239000,240500,241500,235000,236000,,225000
Franco Baresi,88,188100,208000,200000,201000,206000,213333,198000,211000,217000,217000,218000,218000,210000,210000,209000,200000,208000,209000,218000,219000,217000,212500,440000,350000,,198000
Paolo Maldini,88,636500,675000,670000,670000,679500,709000,703000,689000,709000,711000,700000,705000,705000,700000,690000,710500,700000,687000,684000,699000,690000,680000,685000,675000,,670000
Hidetoshi Nakata,88,232275,253000,256000,252000,263000,268000,294500,272500,260000,260000,260000,295000,288333,270000,263000,249000,247500,250000,257000,244500,249000,252000,350000,268500,,244500
Juan Sebastian Veron,88,351500,403500,390000,395667,400000,400000,390000,382500,379500,370000,395000,390000,384500,380000,392000,380000,407500,399000,411500,385000,383667,380000,409000,401667,,370000
Frank Rijkaard,88,401850,436000,428500,423000,425000,435000,450000,453000,447500,435000,458000,449000,456000,430000,452500,444333,440000,457000,460000,462000,470000,464500,453000,455500,,423000
Robert Pires,88,156750,184000,180000,174500,173000,174000,173000,173000,173000,178500,165000,174000,170000,169000,167000,182500,188000,191500,194000,190000,192000,191000,180500,180500,,165000
Emmanuel Petit,88,585200,630500,642500,627500,623000,626000,635000,625000,637000,635000,627500,620000,635500,636500,635000,639000,616000,643000,639000,645000,636000,647500,835000,659333,,616000
Marc Overmars,88,291650,330000,340000,332000,335000,339000,329000,307000,329000,352000,352000,330000,326000,330000,350000,345500,341500,332500,349500,354000,357500,350000,360000,334000,,307000
Jari Litmanen,88,152000,170000,170000,171500,175000,165667,160000,162000,165000,169000,172333,177000,165000,172000,169000,166000,177500,173500,175000,175000,171000,178500,175000,173000,,160000
Frank Lampard,88,180500,209000,195000,199000,205500,200333,190000,197000,200500,200000,206333,190000,201500,199000,200000,190000,205500,207500,214500,203000,199000,220000,217000,217500,,190000
Roy Keane,88,304000,342500,346000,334500,333500,335000,330000,331000,327500,322500,320000,345000,342500,337500,326000,322500,326000,328333,345000,345000,329000,330000,330000,342500,,320000
Rui Costa,88,188100,202000,198000,205000,200000,198000,213500,211500,210000,214000,208000,198000,198000,206000,210000,208500,209000,204500,209000,210000,207000,204000,206500,200000,,198000
Patrick Vieira,88,2508000,2650000,2658000,2658000,2644000,2694500,2694000,2690000,2690000,2699000,2699000,2699000,2697000,2665000,2699000,2699000,2670000,2701000,2734500,2727000,2699500,2750000,2682500,2640000,,2640000
Clarence Seedorf,88,809400,875000,877000,880000,889500,873000,853500,852000,877500,890000,884500,890000,890000,907500,904000,892500,883500,880500,879000,896000,878000,886500,880000,879000,,852000
Lothar Matthaus,88,947625,1000000,997500,998000,1005000,1010000,1015000,1015000,1020000,1010000,1010000,1008000,1006500,1005000,1010000,1033000,1029000,1038000,1020000,1015000,1028000,1025000,1012000,1007000,,997500
Christian Vieri,88,139650,158000,157000,158000,156000,159333,150000,150000,150500,149000,148000,147000,150000,164000,159000,161000,155000,153000,159000,160000,159500,155000,154500,157000,,147000
Andriy Shevchenko,88,174800,188000,189500,189000,190000,184000,190000,187000,195000,194000,195000,195000,195000,195000,198000,194000,195000,199000,199500,201500,200000,197000,202333,190000,,184000
Michael Owen,88,270750,308000,294667,292000,291000,305000,305000,306333,301000,297500,290000,308000,295000,294000,308000,302500,295500,294667,300000,290000,285000,305000,304000,315500,,285000
Luis Figo,88,483550,530000,531000,528500,525500,510000,514500,509000,525000,524500,522000,528000,517500,510000,528000,533000,549000,535000,525000,520000,527500,549000,542000,530000,,509000
Patrick Kluivert,88,200450,219000,232000,231000,220667,224000,228500,218500,220000,230000,230000,226500,230000,227500,230000,235000,225000,224000,212500,215000,211000,231000,238000,237000,,211000
Raul,88,305900,332000,327000,335500,329000,327000,330500,322000,331500,325500,323000,325000,338000,335000,329000,329000,335000,330000,333500,325667,322000,337500,330000,330000,,322000
George Best,88,907250,985000,975000,975000,976000,984000,970000,969000,969000,959500,985000,975000,986000,986000,985500,976000,955000,980000,970000,984000,970000,970000,960000,974000,969000,955000
Eric Cantona,88,1425000,1515000,1500000,1579500,1560000,1594000,1563333,1548000,1544000,1537500,1535000,1548000,1598000,1585000,1590000,1625000,1578000,1525000,1515000,1589500,1562500,1525000,1546000,1517500,1529000,1500000
Xavi,88,446500,495000,506000,490000,495000,490000,480000,470000,485000,475000,470000,486500,491000,491000,500000,488000,490000,497000,492000,513000,509000,510333,495000,485000,485000,470000
Petr Cech,88,276450,309000,317000,319000,313500,309000,310000,315000,315000,315000,317000,310000,317000,317000,317000,315500,304000,295000,297500,302500,311000,304500,315000,305000,291000,291000
Fernando Torres,88,750500,818000,842000,824000,800000,790000,790000,830000,820000,815000,825000,838500,824000,813000,805000,813000,800000,805000,812667,842000,822500,805000,835000,819500,810000,790000
Nemanja Vidic,88,281200,300000,310000,309000,297000,307000,300000,313000,298000,296000,319000,323000,324500,313000,320000,303000,303000,300000,315000,319000,317000,317000,319000,313000,315000,296000
Carlos Alberto Torres,87,846450,910000,910000,910000,900000,915000,905500,900500,891000,912500,932000,941500,929500,921000,916500,932000,940000,910000,895500,940000,925000,935000,930000,929500,899000,891000
Didier Drogba,87,513000,582000,560000,548500,560000,573000,571500,568500,567000,571000,570000,540000,562500,550000,560000,570000,564500,575000,584667,574000,565000,580667,560000,552000,595000,540000
Hugo Sanchez,87,296400,329500,331500,325000,320500,340000,328000,347000,346000,332000,330000,346500,340000,340333,329000,327000,328000,325000,339000,325000,330000,322000,312000,315000,350000,312000
Ian Rush,87,180500,195333,190000,197000,197000,199000,198000,204000,205000,200000,193000,200000,197000,196000,194000,202500,198000,193000,201500,193500,200000,209000,211500,200000,205000,190000
Ian Wright,87,152950,166333,174000,170000,166000,175000,175000,177000,176000,172500,169000,168500,163000,161000,177000,179000,182500,177500,170000,187000,182500,181500,166000,171000,174000,161000
John Barnes,87,169100,186000,187000,193500,195000,190000,200000,195500,188000,185000,189000,185000,178000,189000,190000,199000,190000,187000,200667,199000,193500,190000,198000,196500,191000,178000
Kenny Dalglish,87,857216.35,922500,915000,902333,925000,935000,947500,946000,948500,948000,947000,950000,950000,951000,934500,942500,959000,950000,946500,920000,920000,930000,956500,944333,,902333
Gianluca Zambrotta,87,323000,362500,359000,360000,366500,357500,349667,360000,374000,365000,362000,354000,362500,352500,348500,348000,365000,380000,376333,347000,340000,366000,377000,459667,,340000
Michael Essien,87,551950,581000,590000,616000,619500,624500,629500,612500,585000,601500,600000,613500,610500,599667,601500,593000,610000,639000,611667,640000,679000,622000,607500,607000,,581000
Pep Guardiola,87,262200,291000,295000,283000,290000,292000,295000,297000,276000,278000,285000,287000,286000,299000,299500,294500,292000,295000,288000,300000,340000,307500,302000,310000,,276000
Kaka,87,546250,602000,607000,610000,617000,621500,612500,607000,610000,611500,611000,611500,610500,598000,575000,617000,665000,659500,642000,648500,643500,620000,653500,620333,,575000
Edwin van der Sar,87,320150,396000,391500,393000,389000,377500,367500,352500,350000,370000,357500,355000,373000,376500,355000,368500,375000,350000,367500,346000,337000,352000,360000,355000,,337000
Sol Campbell,87,503500,544500,560000,560000,573000,580000,570000,555000,577500,574000,570000,564500,549000,549000,545000,530000,596000,594000,573000,594000,588000,592500,575000,575000,,530000
Marcel Desailly,87,854050,943000,958000,937500,924000,926500,904500,899000,900000,900000,900000,900000,900000,938500,936000,935000,958000,975000,972500,994000,990000,978000,937500,924667,,899000
Javier Zanetti,87,308750,325000,349500,338000,356000,355000,327500,325000,347000,347000,347000,375000,348000,340000,345000,329000,375000,350000,335500,343000,329000,348000,350000,335000,,325000
Bobby Moore,87,203300,228000,222500,219500,235000,226000,214000,228000,226000,234000,231500,235000,240000,237000,236000,230000,237000,240000,235000,237000,242667,226000,219000,219000,,214000
Fabio Cannavaro,87,631750,680000,732000,710000,719500,724000,715500,692500,680000,699000,695000,695000,690000,690000,690000,702000,699500,682500,679000,680000,697500,665000,696500,684500,,665000
Gennaro Gattuso,87,232275,250000,260000,249000,250000,265000,244500,299500,270000,292000,273333,255000,275000,295000,287000,285000,284500,301500,289500,277500,267500,272000,279000,260000,,244500
Jay-Jay Okocha,87,177650,198000,196500,195000,187000,197000,189000,199000,199000,192500,200000,200000,195000,204000,190000,197333,190000,200500,202000,195000,201500,198000,195500,197000,,187000
Claude Makelele,87,483550,522500,509000,512000,546000,526000,713500,616500,562500,530000,536500,550000,542500,548500,539000,518000,522500,541500,587000,597000,583667,559000,538000,520000,,509000
Deco,87,147250,165000,164000,160000,164000,165000,165000,155000,161500,156000,166500,165000,165000,167500,155000,170500,167000,165500,165500,172000,169333,163000,163000,171500,,155000
Paul Scholes,87,190000,204500,200000,216000,211500,207000,220000,220000,223000,224000,224000,224000,224000,224000,224000,219500,215000,215000,219500,218000,218000,218000,220000,220000,,200000
Socrates,87,361000,389000,398500,398000,413000,405000,415500,411000,413500,405000,412000,397000,396500,396000,396000,380000,414000,410000,405000,397000,397000,395000,396500,391000,,380000
Ryan Giggs,87,178600,197500,199000,195500,193000,208000,212000,199000,188000,200000,198500,210000,200000,207500,204000,205000,201000,194000,197000,197000,197500,197000,192500,197000,,188000
Gianfranco Zola,87,408500,444000,434500,430000,454500,445000,458000,440000,438000,454000,467500,455000,463500,430000,430000,454500,453000,462000,468000,460000,451500,449000,442000,447000,,430000
Henrik Larsson,87,141550,152000,153000,153500,151000,157000,154000,150000,154000,150000,157000,153500,150000,153500,152000,155000,155000,157000,149000,158000,160000,160000,161000,158000,,149000
Filippo Inzaghi,87,139650,150000,147000,147500,156000,154667,153000,150000,153000,153000,153000,150000,147000,153500,150000,154000,156000,155500,150000,152000,149500,151000,153000,159500,,147000
Luis Hernandez,87,356250,395000,382000,394000,400000,392000,397500,380000,375000,400000,398000,403000,401000,393000,392500,394000,405000,405000,411000,414000,423500,411000,411000,414500,,375000
Hernan Crespo,87,270750,295000,293333,291000,300000,302667,285000,291500,290000,299000,295000,300000,299500,299000,287000,297500,285000,306500,310000,309500,310000,314000,302500,315500,,285000
Hristo Stoichkov,87,420850,470000,469000,450000,448500,443000,485000,460000,483500,482000,478500,450000,473000,473000,479500,467000,470000,463000,479500,469000,470000,460000,480500,460000,,443000
Alan Shearer,87,151050,164000,160000,161000,161500,165000,165000,166000,166000,168000,166500,165000,168000,168000,165500,165000,162000,159000,165000,165000,165000,168000,169000,168000,,159000
Gary Lineker,87,154850,163000,175000,172500,166500,165000,166000,166000,175000,178000,179000,189500,179000,178000,177000,176000,173000,165000,170000,172000,178000,177500,164333,166000,,163000
Miroslav Klose,87,142500,156000,150000,153000,152500,155000,154000,155000,156000,156000,156000,157000,160000,155000,154500,154000,155500,156000,157000,156000,157000,156000,154500,154000,,150000
Alessandro Del Piero,87,658350,729000,739000,739000,735000,693000,741000,757500,740000,765000,767000,762500,754000,748000,748000,761000,764000,750000,730000,738000,717000,748000,740000,750000,,693000
Emilio Butragueno,87,664050,765000,726000,724000,723000,733000,740000,720000,751000,746000,765000,757000,699000,759000,752000,728000,720000,737000,720000,729000,725000,725000,733000,752000,769000,699000
Dennis Bergkamp,87,193325,223000,211333,203500,220000,228000,228000,226500,229000,213000,229000,227500,224500,220000,220000,230000,223000,210000,226000,220000,234000,237000,224500,223000,224000,203500
Thierry Henry,87,492100,518000,604000,543000,550000,584000,595000,535000,545000,580000,587500,555000,545000,530000,552500,549000,564000,600000,583500,566000,547500,548000,577500,575000,565000,518000
Rivaldo,87,349600,381500,386500,389000,388000,404500,395500,383500,380000,394000,390000,394000,394000,386000,384500,368000,389000,385500,370000,377500,371500,380000,379000,372500,395000,368000
Juan Roman Riquelme,87,173850,195000,184000,190000,194000,183000,184000,190500,195000,195000,195000,195000,195000,193500,194000,190000,190667,190000,197000,190000,197000,190000,198000,194000,185000,183000
Samuel Eto'o,87,1403150,1530000,1500000,1513000,1477000,1520000,1532000,1523500,1529500,1520000,1515000,1537500,1535000,1532000,1523000,1505000,1490000,1505000,1489333,1531000,1520000,1528000,1501000,1485000,1520000,1477000
Phillip Lahm,87,445550,494333,510000,497500,495000,497000,492500,490000,479000,469000,471500,470000,480000,478500,477000,484500,475000,495000,509500,512000,514000,499000,499000,490000,477000,469000
Bastian Schweinsteiger,87,313500,359000,358000,330000,360000,365000,349000,344000,350000,337000,338000,337000,347000,342500,337000,330000,345000,334500,372500,355000,362000,356500,357500,350000,400000,330000
Ashley Cole,87,253650,267000,282500,303500,285500,282500,283000,289000,279500,270000,280000,280000,274500,277500,280000,283000,279000,292500,285000,291000,287500,290000,297500,294000,294000,267000
Davor Suker,87,320150,361000,368000,360000,354000,362000,340000,350500,337000,341000,357500,349000,359500,350000,364500,370000,366500,363000,350000,355500,351000,353000,352000,349000,366000,337000
David Beckham,87,788500,840000,899000,840000,878000,888500,873500,869000,869000,884000,865000,865000,882000,865000,859000,892500,855000,859000,851500,840000,830000,899000,898000,890500,880000,830000
John Barnes,86,216600,236500,232500,244000,244500,251000,229000,230000,235000,251000,250000,232000,239500,229000,247000,232000,230500,228000,235000,239000,245000,233500,242000,242000,241000,228000
Gianluca Zambrotta,86,455050,487000,479000,518000,521000,508500,499000,490000,505000,490000,529000,685000,500000,496500,482000,509000,510500,540000,534000,537500,539000,515000,540000,515000,,479000
Peter Schmeichel,86,164350,187333,177500,174500,176500,175000,175000,190500,187500,185500,185000,189000,180000,189000,189000,175000,189000,188000,180000,182000,177333,173000,177000,173000,,173000
Fernando Hierro,86,218500,238000,245000,243000,247000,242500,235000,230000,243500,242500,233000,245000,236000,236000,236000,248000,247000,246000,246500,246500,252500,250000,253500,249000,,230000
Roberto Carlos,86,464550,575000,550000,538500,523500,520000,535000,515000,495500,489000,492500,503500,509000,490000,513000,509500,509000,510000,510000,550000,555000,497000,555000,537500,,489000
Puyol,86,199500,233000,231000,220000,246500,244000,244000,242000,240000,239000,239000,230000,234500,240000,244000,242500,237500,235000,226000,229000,210000,237000,231000,218500,,210000
Hidetoshi Nakata,86,137750,153500,152000,158000,150000,148500,150000,155000,155000,155000,157000,159000,158500,153000,150000,145000,152000,158333,154500,152000,153000,152500,157500,163000,,145000
Juan Sebastian Veron,86,258400,282000,303000,280000,272000,296000,325000,310000,305000,320000,320000,340000,340000,311000,300000,304000,288500,281000,278000,284000,295000,300000,284000,284000,,272000
Frank Rijkaard,86,218500,246500,281500,247667,245000,240000,253500,240000,238000,240000,253000,251000,251000,249000,242500,259000,248000,230000,245000,248500,230000,259000,253000,256500,,230000
Marc Overmars,86,147250,166000,167500,164500,162000,168000,167000,170000,171000,165000,162000,160000,170000,168000,170000,169500,167000,166500,170000,174000,174000,162000,155000,161500,,155000
Frank Lampard,86,218500,253000,242500,235000,236000,249500,250000,250000,249500,249000,249000,249000,249000,249000,245000,244000,239000,247000,239500,230000,239000,240000,240000,250000,,230000
Roy Keane,86,185250,200000,222500,207500,210000,210000,210000,229000,219500,202500,195000,224000,224000,224000,229333,220000,222000,218000,225000,227500,236000,220500,231500,210000,,195000
Patrick Vieira,86,1534250,1619000,1625000,1625000,1620000,1615000,1637000,1637000,1637000,1637000,1637000,1637000,1659500,1650000,1650000,1653000,1669000,1660000,1678000,1635000,1637000,1680000,1680000,1664000,,1615000
Pavel Nedved,86,297350,322500,320000,315667,313000,326000,318000,395000,337000,331500,322500,315000,339500,333000,327000,360000,400500,342500,337000,348000,328000,348500,340000,333000,,313000
Steven Gerrard,86,356250,375000,379500,387000,382000,388500,387000,390000,390000,390000,388500,390000,375000,399500,397500,395000,405000,407500,405000,396333,390000,393000,389000,384000,,375000
Michael Ballack,86,373825,397000,395000,397500,393500,400000,415500,445000,450000,425000,425000,420000,420000,419500,419000,419500,405000,408000,405000,410500,405000,410000,429000,437500,,393500
Ruud Gullit,86,1011750,1065000,1098000,1075000,1115000,1105000,1133500,1131500,1105500,1080000,1065000,1115000,1115000,1130000,1110000,1075000,1067500,1117000,1082500,1090000,1102500,1072500,1109000,1119500,,1065000
Christian Vieri,86,137750,157500,152500,152000,151000,157000,150000,152000,151000,150000,155000,145000,162000,155000,152000,154000,155000,157000,148500,148000,149000,150000,149000,155000,,145000
Henrik Larsson,86,175750,190000,190000,191500,186500,185000,195000,195000,194000,194000,203000,203000,203000,190000,200500,202000,195000,199500,199000,188500,201000,190000,197500,190000,,185000
Ruud van Nistelrooy,86,142500,156000,157333,157000,157500,154000,153000,150000,157000,157500,157000,156000,155000,156500,155000,155000,155000,154000,156000,152000,155000,156000,156500,154000,,150000
David Trezeguet,86,141550,153500,149000,152000,156000,153000,157000,157000,159000,150000,160000,150000,150000,155000,155000,158000,165500,161000,163000,165500,167000,158000,159500,161000,,149000
Andriy Shevchenko,86,266950,281000,282000,300000,300000,297500,283000,302000,300000,300000,299500,302000,302000,301000,305000,300000,303000,315000,311000,305000,306000,303000,301500,300000,,281000
Michael Owen,86,152000,163000,165667,161000,169000,166000,169000,173000,170000,167500,165000,171500,170000,173000,170500,167000,160000,172667,168000,165000,175000,170000,172000,169000,,160000
Patrick Kluivert,86,180500,194000,190667,196000,201000,203000,203000,200000,197500,190000,200000,198000,198000,196500,191000,197000,195500,202000,200500,197000,203500,199000,201500,204000,,190000
Raul,86,146300,158000,157000,158500,159000,166500,165000,167500,165000,167000,166000,168000,161000,168000,168000,154000,168000,169000,167000,169500,165000,165000,160000,155000,,154000
Petr Cech,86,236550,250000,266500,262000,268000,268000,268000,270000,276500,274000,279000,277000,275000,274500,270000,272500,270000,265000,251000,249000,255000,266000,265000,265000,260000,249000
Ian Wright,85,209000,220000,229000,227000,227000,227000,225000,230000,235000,230000,235000,232500,230000,229500,228000,232000,231000,234000,225000,233000,234000,235000,234000,240000,245000,220000
Michael Essien,85,722000,864500,830000,834000,827500,810000,779000,790000,798000,798000,794000,770000,760000,802000,809000,829000,833500,841500,839500,809000,809000,794000,826500,809000,,760000
Ronald Koeman,85,171950,185667,183000,181000,199000,191000,191667,185000,197000,199000,199000,195000,189500,189000,189000,196500,194000,194000,200000,188000,195000,202000,188000,185000,,181000
Pep Guardiola,85,204250,215000,222000,220000,235000,218000,224500,229000,235000,235000,234000,230000,229500,225000,238000,234667,235000,240000,231000,240000,240000,227000,219000,238000,,215000
Sol Campbell,85,536750,599667,609000,603000,592500,567500,565000,579000,579000,600000,600000,595500,591000,591000,601500,596500,594000,603500,599000,625000,625000,622500,620000,625000,,565000
Rio Ferdinand,85,817000,900000,900000,922000,927500,920000,917000,920000,920000,938000,950000,939000,895000,978000,957000,890000,950000,875000,950000,925000,920000,885000,860000,900000,,860000
Laurent Blanc,85,878750,939000,967000,948000,947000,958500,949333,937500,925000,935000,949000,958000,945000,949000,989000,1023000,997000,989000,969000,969000,979500,975000,967500,971333,,925000
Hidetoshi Nakata,85,142975,158000,157000,160000,157000,155000,160500,160000,159000,163000,161500,157000,157000,156500,156000,152500,150500,150500,162500,162000,164333,160000,165000,161000,,150500
Gennaro Gattuso,85,298300,354000,333000,323500,340000,345000,328000,319000,322000,330000,330000,330000,330000,320000,331500,324000,324500,317000,450000,334000,314000,335000,374000,349667,,314000
Robert Pires,85,139650,150500,147000,150000,158000,157000,158000,159000,159000,159000,159000,159000,159000,159000,159000,158500,163500,152000,150000,155000,162000,155000,155000,157000,,147000
Emmanuel Petit,85,217550,237500,236500,230000,247000,245000,235000,235000,230000,245000,240000,245000,245000,247500,249000,237000,230000,235000,239000,238000,230000,229000,240000,239000,,229000
Jay-Jay Okocha,85,285000,304000,300000,320000,310000,327667,325000,318500,311000,320000,322500,324000,309000,315000,310000,324000,325000,326000,392000,330000,323000,310000,316000,312500,,300000
Claude Makelele,85,273125,298000,295000,287500,293500,296000,315000,310000,314500,314500,314000,315000,314500,314000,310000,295000,305000,314000,310000,307500,297000,307000,311500,299500,,287500
Jari Litmanen,85,136325,156500,152000,149000,148500,146500,143500,145000,149000,150000,150000,150000,160500,156000,153000,147000,150000,151000,150000,148500,151000,146000,149000,148000,,143500
Deco,85,140600,149000,150000,151000,151000,152000,150000,152000,149500,153000,153000,154000,155000,155000,154500,155000,155000,152500,148000,153500,151000,160500,158000,158000,,148000
Rui Costa,85,152000,167000,169000,160000,171000,168000,173000,173000,171000,165000,164500,160000,160000,173500,173000,173000,167000,165000,166000,165000,174000,165000,160000,169000,,160000
Clarence Seedorf,85,589000,620000,674000,641333,654000,641667,635000,635000,645000,674000,671500,669000,662000,649000,655000,645000,648000,647000,646000,630000,654000,655000,663500,661000,,620000
Michael Laudrup,85,160550,170000,170000,169500,169000,176500,179000,178500,173500,170500,169000,178000,178000,180000,182000,184000,183000,183500,180000,185000,185000,199500,187500,183000,,169000
Gheorghe Hagi,85,218500,233000,233500,244500,241000,244667,247000,255000,253500,247500,244500,231000,250000,250000,252000,247500,245000,235000,230000,238500,245000,248000,238000,244500,,230000
Gianfranco Zola,85,554800,590000,584000,592000,590000,626000,609500,609000,629000,628000,628000,625000,622500,615000,599000,610000,610000,627000,620000,620000,610000,627000,612000,636500,,584000
Filippo Inzaghi,85,134900,145000,145000,142000,145000,150000,150500,150000,149000,151000,148000,151000,151000,148000,145000,153000,151000,153000,150000,150000,149500,149500,149500,148500,,142000
Luis Hernandez,85,323000,348000,348000,362000,350000,354000,349500,347000,340000,350000,340000,341000,369000,368000,352000,364000,369000,363500,360000,349000,363000,375000,360000,350000,,340000
Hernan Crespo,85,194750,214500,212000,207000,220000,210000,214000,212500,206000,215500,217000,215000,213500,210000,210000,212500,208500,205000,216000,215000,216500,215000,218500,215500,,205000
Ashley Cole,85,323000,363500,363000,354500,341500,345000,349667,340000,374000,373000,360000,369500,375000,375000,370000,375000,364500,369000,388667,380000,375000,378500,368000,358000,380000,340000
Davor Suker,85,252225,277000,277000,274000,281500,274500,271500,278000,280000,281000,274500,270000,284500,280000,285000,282500,290000,287000,281000,283000,273000,265500,279500,277000,274000,265500
Fernando Torres,85,361000,396500,395000,399000,403500,403000,420000,417000,413000,410500,397000,400000,416000,412500,402000,389500,401500,388500,384500,380000,396500,402500,397500,400000,398000,380000
Nemanja Vidic,85,339150,375667,365000,357000,405667,376000,382000,389000,367500,366000,366000,366000,365000,366000,360000,364500,362000,357000,375000,395000,389000,372500,360000,375000,359000,357000